<?xml version="1.0" encoding="UTF-8"?><?xml-stylesheet type='text/xsl' href='_UpgradeReport_Files/UpgradeReport.xslt'?><UpgradeLog>
<Properties><Property Name="Solution" Value="SAPToHIPIntegration">
</Property><Property Name="Solution File" Value="C:\Documents and Settings\xamaldonado\Working\Source Code\Pivotal\Pivotal - HIP\Server Tasks-ASRs\ASRs\SAPToHIPIntegration\SAPToHIPIntegration.sln">
</Property><Property Name="Date" Value="Tuesday, August 24, 2010">
</Property><Property Name="Time" Value="10:21:13 AM">
</Property><Property Name="Log Number" Value="2">
</Property></Properties><Event ErrorLevel="0" Project="HomeBuilders.EF.Server.EnvisionIntegration" Source="..\..\..\..\..\..\Download\EnvisionIntegration\EnvisionIntegration\HomeBuilders.EF.Server.EnvisionIntegration.csproj" Description="Project file successfully backed up as C:\Documents and Settings\xamaldonado\Working\Source Code\Pivotal\Pivotal - HIP\Server Tasks-ASRs\ASRs\SAPToHIPIntegration\Backup1\HomeBuilders.EF.Server.EnvisionIntegration.csproj">
</Event><Event ErrorLevel="0" Project="HomeBuilders.EF.Server.EnvisionIntegration" Source="..\..\..\..\..\..\Download\EnvisionIntegration\EnvisionIntegration\HomeBuilders.EF.Server.EnvisionIntegration.csproj.user" Description="Project user file successfully backed up as C:\Documents and Settings\xamaldonado\Working\Source Code\Pivotal\Pivotal - HIP\Server Tasks-ASRs\ASRs\SAPToHIPIntegration\Backup1\HomeBuilders.EF.Server.EnvisionIntegration.csproj.user">
</Event><Event ErrorLevel="0" Project="HomeBuilders.EF.Server.EnvisionIntegration" Source="..\..\..\..\..\..\Download\EnvisionIntegration\EnvisionIntegration\BuilderClasses\BuilderBase.cs" Description="File successfully backed up as C:\Documents and Settings\xamaldonado\Working\Source Code\Pivotal\Pivotal - HIP\Server Tasks-ASRs\ASRs\SAPToHIPIntegration\Backup1\BuilderClasses\BuilderBase.cs">
</Event><Event ErrorLevel="0" Project="HomeBuilders.EF.Server.EnvisionIntegration" Source="..\..\..\..\..\..\Download\EnvisionIntegration\EnvisionIntegration\BuilderClasses\MI_LocationReferenceBuilder.cs" Description="File successfully backed up as C:\Documents and Settings\xamaldonado\Working\Source Code\Pivotal\Pivotal - HIP\Server Tasks-ASRs\ASRs\SAPToHIPIntegration\Backup1\BuilderClasses\MI_LocationReferenceBuilder.cs">
</Event><Event ErrorLevel="0" Project="HomeBuilders.EF.Server.EnvisionIntegration" Source="..\..\..\..\..\..\Download\EnvisionIntegration\EnvisionIntegration\BuilderClasses\IntersectionRulesBuilder.cs" Description="File successfully backed up as C:\Documents and Settings\xamaldonado\Working\Source Code\Pivotal\Pivotal - HIP\Server Tasks-ASRs\ASRs\SAPToHIPIntegration\Backup1\BuilderClasses\IntersectionRulesBuilder.cs">
</Event><Event ErrorLevel="0" Project="HomeBuilders.EF.Server.EnvisionIntegration" Source="..\..\..\..\..\..\Download\EnvisionIntegration\EnvisionIntegration\BuilderClasses\EnvisionBuilder.cs" Description="File successfully backed up as C:\Documents and Settings\xamaldonado\Working\Source Code\Pivotal\Pivotal - HIP\Server Tasks-ASRs\ASRs\SAPToHIPIntegration\Backup1\BuilderClasses\EnvisionBuilder.cs">
</Event><Event ErrorLevel="0" Project="HomeBuilders.EF.Server.EnvisionIntegration" Source="..\..\..\..\..\..\Download\EnvisionIntegration\EnvisionIntegration\BuilderClasses\InventoryBuilder.cs" Description="File successfully backed up as C:\Documents and Settings\xamaldonado\Working\Source Code\Pivotal\Pivotal - HIP\Server Tasks-ASRs\ASRs\SAPToHIPIntegration\Backup1\BuilderClasses\InventoryBuilder.cs">
</Event><Event ErrorLevel="0" Project="HomeBuilders.EF.Server.EnvisionIntegration" Source="..\..\..\..\..\..\Download\EnvisionIntegration\EnvisionIntegration\BuilderClasses\LocationReferenceBuilder.cs" Description="File successfully backed up as C:\Documents and Settings\xamaldonado\Working\Source Code\Pivotal\Pivotal - HIP\Server Tasks-ASRs\ASRs\SAPToHIPIntegration\Backup1\BuilderClasses\LocationReferenceBuilder.cs">
</Event><Event ErrorLevel="0" Project="HomeBuilders.EF.Server.EnvisionIntegration" Source="..\..\..\..\..\..\Download\EnvisionIntegration\EnvisionIntegration\BuilderClasses\OptionAssignmentsBuilder.cs" Description="File successfully backed up as C:\Documents and Settings\xamaldonado\Working\Source Code\Pivotal\Pivotal - HIP\Server Tasks-ASRs\ASRs\SAPToHIPIntegration\Backup1\BuilderClasses\OptionAssignmentsBuilder.cs">
</Event><Event ErrorLevel="0" Project="HomeBuilders.EF.Server.EnvisionIntegration" Source="..\..\..\..\..\..\Download\EnvisionIntegration\EnvisionIntegration\BuilderClasses\OptionBuilder.cs" Description="File successfully backed up as C:\Documents and Settings\xamaldonado\Working\Source Code\Pivotal\Pivotal - HIP\Server Tasks-ASRs\ASRs\SAPToHIPIntegration\Backup1\BuilderClasses\OptionBuilder.cs">
</Event><Event ErrorLevel="0" Project="HomeBuilders.EF.Server.EnvisionIntegration" Source="..\..\..\..\..\..\Download\EnvisionIntegration\EnvisionIntegration\BuilderClasses\RoomsBuilder.cs" Description="File successfully backed up as C:\Documents and Settings\xamaldonado\Working\Source Code\Pivotal\Pivotal - HIP\Server Tasks-ASRs\ASRs\SAPToHIPIntegration\Backup1\BuilderClasses\RoomsBuilder.cs">
</Event><Event ErrorLevel="0" Project="HomeBuilders.EF.Server.EnvisionIntegration" Source="..\..\..\..\..\..\Download\EnvisionIntegration\EnvisionIntegration\BuyerWebService.cs" Description="File successfully backed up as C:\Documents and Settings\xamaldonado\Working\Source Code\Pivotal\Pivotal - HIP\Server Tasks-ASRs\ASRs\SAPToHIPIntegration\Backup1\BuyerWebService.cs">
</Event><Event ErrorLevel="0" Project="HomeBuilders.EF.Server.EnvisionIntegration" Source="..\..\..\..\..\..\Download\EnvisionIntegration\EnvisionIntegration\Configuration.cs" Description="File successfully backed up as C:\Documents and Settings\xamaldonado\Working\Source Code\Pivotal\Pivotal - HIP\Server Tasks-ASRs\ASRs\SAPToHIPIntegration\Backup1\Configuration.cs">
</Event><Event ErrorLevel="0" Project="HomeBuilders.EF.Server.EnvisionIntegration" Source="..\..\..\..\..\..\Download\EnvisionIntegration\EnvisionIntegration\ContractExceptionMessage.cs" Description="File successfully backed up as C:\Documents and Settings\xamaldonado\Working\Source Code\Pivotal\Pivotal - HIP\Server Tasks-ASRs\ASRs\SAPToHIPIntegration\Backup1\ContractExceptionMessage.cs">
</Event><Event ErrorLevel="0" Project="HomeBuilders.EF.Server.EnvisionIntegration" Source="..\..\..\..\..\..\Download\EnvisionIntegration\EnvisionIntegration\Database\ContactCoBuyerData.cs" Description="File successfully backed up as C:\Documents and Settings\xamaldonado\Working\Source Code\Pivotal\Pivotal - HIP\Server Tasks-ASRs\ASRs\SAPToHIPIntegration\Backup1\Database\ContactCoBuyerData.cs">
</Event><Event ErrorLevel="0" Project="HomeBuilders.EF.Server.EnvisionIntegration" Source="..\..\..\..\..\..\Download\EnvisionIntegration\EnvisionIntegration\Database\ContactCoBuyerData.Generated.cs" Description="File successfully backed up as C:\Documents and Settings\xamaldonado\Working\Source Code\Pivotal\Pivotal - HIP\Server Tasks-ASRs\ASRs\SAPToHIPIntegration\Backup1\Database\ContactCoBuyerData.Generated.cs">
</Event><Event ErrorLevel="0" Project="HomeBuilders.EF.Server.EnvisionIntegration" Source="..\..\..\..\..\..\Download\EnvisionIntegration\EnvisionIntegration\Database\ContactData.cs" Description="File successfully backed up as C:\Documents and Settings\xamaldonado\Working\Source Code\Pivotal\Pivotal - HIP\Server Tasks-ASRs\ASRs\SAPToHIPIntegration\Backup1\Database\ContactData.cs">
</Event><Event ErrorLevel="0" Project="HomeBuilders.EF.Server.EnvisionIntegration" Source="..\..\..\..\..\..\Download\EnvisionIntegration\EnvisionIntegration\Database\ContactData.Generated.cs" Description="File successfully backed up as C:\Documents and Settings\xamaldonado\Working\Source Code\Pivotal\Pivotal - HIP\Server Tasks-ASRs\ASRs\SAPToHIPIntegration\Backup1\Database\ContactData.Generated.cs">
</Event><Event ErrorLevel="0" Project="HomeBuilders.EF.Server.EnvisionIntegration" Source="..\..\..\..\..\..\Download\EnvisionIntegration\EnvisionIntegration\Database\MI_NbhdPhaseData.cs" Description="File successfully backed up as C:\Documents and Settings\xamaldonado\Working\Source Code\Pivotal\Pivotal - HIP\Server Tasks-ASRs\ASRs\SAPToHIPIntegration\Backup1\Database\MI_NbhdPhaseData.cs">
</Event><Event ErrorLevel="0" Project="HomeBuilders.EF.Server.EnvisionIntegration" Source="..\..\..\..\..\..\Download\EnvisionIntegration\EnvisionIntegration\Database\EnvBuyerSelectionsData.cs" Description="File successfully backed up as C:\Documents and Settings\xamaldonado\Working\Source Code\Pivotal\Pivotal - HIP\Server Tasks-ASRs\ASRs\SAPToHIPIntegration\Backup1\Database\EnvBuyerSelectionsData.cs">
</Event><Event ErrorLevel="0" Project="HomeBuilders.EF.Server.EnvisionIntegration" Source="..\..\..\..\..\..\Download\EnvisionIntegration\EnvisionIntegration\Database\DivisionProductLocationsData.cs" Description="File successfully backed up as C:\Documents and Settings\xamaldonado\Working\Source Code\Pivotal\Pivotal - HIP\Server Tasks-ASRs\ASRs\SAPToHIPIntegration\Backup1\Database\DivisionProductLocationsData.cs">
</Event><Event ErrorLevel="0" Project="HomeBuilders.EF.Server.EnvisionIntegration" Source="..\..\..\..\..\..\Download\EnvisionIntegration\EnvisionIntegration\Database\DivisionProductLocationsData.Generated.cs" Description="File successfully backed up as C:\Documents and Settings\xamaldonado\Working\Source Code\Pivotal\Pivotal - HIP\Server Tasks-ASRs\ASRs\SAPToHIPIntegration\Backup1\Database\DivisionProductLocationsData.Generated.cs">
</Event><Event ErrorLevel="0" Project="HomeBuilders.EF.Server.EnvisionIntegration" Source="..\..\..\..\..\..\Download\EnvisionIntegration\EnvisionIntegration\Database\EnvBuyerSelectionsData.Generated.cs" Description="File successfully backed up as C:\Documents and Settings\xamaldonado\Working\Source Code\Pivotal\Pivotal - HIP\Server Tasks-ASRs\ASRs\SAPToHIPIntegration\Backup1\Database\EnvBuyerSelectionsData.Generated.cs">
</Event><Event ErrorLevel="0" Project="HomeBuilders.EF.Server.EnvisionIntegration" Source="..\..\..\..\..\..\Download\EnvisionIntegration\EnvisionIntegration\Database\LoanData.cs" Description="File successfully backed up as C:\Documents and Settings\xamaldonado\Working\Source Code\Pivotal\Pivotal - HIP\Server Tasks-ASRs\ASRs\SAPToHIPIntegration\Backup1\Database\LoanData.cs">
</Event><Event ErrorLevel="0" Project="HomeBuilders.EF.Server.EnvisionIntegration" Source="..\..\..\..\..\..\Download\EnvisionIntegration\EnvisionIntegration\Database\LoanData.Generated.cs" Description="File successfully backed up as C:\Documents and Settings\xamaldonado\Working\Source Code\Pivotal\Pivotal - HIP\Server Tasks-ASRs\ASRs\SAPToHIPIntegration\Backup1\Database\LoanData.Generated.cs">
</Event><Event ErrorLevel="0" Project="HomeBuilders.EF.Server.EnvisionIntegration" Source="..\..\..\..\..\..\Download\EnvisionIntegration\EnvisionIntegration\Database\LoanProfileData.cs" Description="File successfully backed up as C:\Documents and Settings\xamaldonado\Working\Source Code\Pivotal\Pivotal - HIP\Server Tasks-ASRs\ASRs\SAPToHIPIntegration\Backup1\Database\LoanProfileData.cs">
</Event><Event ErrorLevel="0" Project="HomeBuilders.EF.Server.EnvisionIntegration" Source="..\..\..\..\..\..\Download\EnvisionIntegration\EnvisionIntegration\Database\LoanProfileData.Generated.cs" Description="File successfully backed up as C:\Documents and Settings\xamaldonado\Working\Source Code\Pivotal\Pivotal - HIP\Server Tasks-ASRs\ASRs\SAPToHIPIntegration\Backup1\Database\LoanProfileData.Generated.cs">
</Event><Event ErrorLevel="0" Project="HomeBuilders.EF.Server.EnvisionIntegration" Source="..\..\..\..\..\..\Download\EnvisionIntegration\EnvisionIntegration\Database\MI_OppProductLocationData.cs" Description="File successfully backed up as C:\Documents and Settings\xamaldonado\Working\Source Code\Pivotal\Pivotal - HIP\Server Tasks-ASRs\ASRs\SAPToHIPIntegration\Backup1\Database\MI_OppProductLocationData.cs">
</Event><Event ErrorLevel="0" Project="HomeBuilders.EF.Server.EnvisionIntegration" Source="..\..\..\..\..\..\Download\EnvisionIntegration\EnvisionIntegration\Database\OpportunityProductData.cs" Description="File successfully backed up as C:\Documents and Settings\xamaldonado\Working\Source Code\Pivotal\Pivotal - HIP\Server Tasks-ASRs\ASRs\SAPToHIPIntegration\Backup1\Database\OpportunityProductData.cs">
</Event><Event ErrorLevel="0" Project="HomeBuilders.EF.Server.EnvisionIntegration" Source="..\..\..\..\..\..\Download\EnvisionIntegration\EnvisionIntegration\Database\OppProductLocationData.cs" Description="File successfully backed up as C:\Documents and Settings\xamaldonado\Working\Source Code\Pivotal\Pivotal - HIP\Server Tasks-ASRs\ASRs\SAPToHIPIntegration\Backup1\Database\OppProductLocationData.cs">
</Event><Event ErrorLevel="0" Project="HomeBuilders.EF.Server.EnvisionIntegration" Source="..\..\..\..\..\..\Download\EnvisionIntegration\EnvisionIntegration\Database\OppProductLocationData.Generated.cs" Description="File successfully backed up as C:\Documents and Settings\xamaldonado\Working\Source Code\Pivotal\Pivotal - HIP\Server Tasks-ASRs\ASRs\SAPToHIPIntegration\Backup1\Database\OppProductLocationData.Generated.cs">
</Event><Event ErrorLevel="0" Project="HomeBuilders.EF.Server.EnvisionIntegration" Source="..\..\..\..\..\..\Download\EnvisionIntegration\EnvisionIntegration\Database\ProductOptionRuleData.cs" Description="File successfully backed up as C:\Documents and Settings\xamaldonado\Working\Source Code\Pivotal\Pivotal - HIP\Server Tasks-ASRs\ASRs\SAPToHIPIntegration\Backup1\Database\ProductOptionRuleData.cs">
</Event><Event ErrorLevel="0" Project="HomeBuilders.EF.Server.EnvisionIntegration" Source="..\..\..\..\..\..\Download\EnvisionIntegration\EnvisionIntegration\Database\DivisionProductAttributeData.cs" Description="File successfully backed up as C:\Documents and Settings\xamaldonado\Working\Source Code\Pivotal\Pivotal - HIP\Server Tasks-ASRs\ASRs\SAPToHIPIntegration\Backup1\Database\DivisionProductAttributeData.cs">
</Event><Event ErrorLevel="0" Project="HomeBuilders.EF.Server.EnvisionIntegration" Source="..\..\..\..\..\..\Download\EnvisionIntegration\EnvisionIntegration\Database\DivisionProductAttributeData.Generated.cs" Description="File successfully backed up as C:\Documents and Settings\xamaldonado\Working\Source Code\Pivotal\Pivotal - HIP\Server Tasks-ASRs\ASRs\SAPToHIPIntegration\Backup1\Database\DivisionProductAttributeData.Generated.cs">
</Event><Event ErrorLevel="0" Project="HomeBuilders.EF.Server.EnvisionIntegration" Source="..\..\..\..\..\..\Download\EnvisionIntegration\EnvisionIntegration\Database\DivisionProductPrefData.cs" Description="File successfully backed up as C:\Documents and Settings\xamaldonado\Working\Source Code\Pivotal\Pivotal - HIP\Server Tasks-ASRs\ASRs\SAPToHIPIntegration\Backup1\Database\DivisionProductPrefData.cs">
</Event><Event ErrorLevel="0" Project="HomeBuilders.EF.Server.EnvisionIntegration" Source="..\..\..\..\..\..\Download\EnvisionIntegration\EnvisionIntegration\Database\DivisionProductPrefData.Generated.cs" Description="File successfully backed up as C:\Documents and Settings\xamaldonado\Working\Source Code\Pivotal\Pivotal - HIP\Server Tasks-ASRs\ASRs\SAPToHIPIntegration\Backup1\Database\DivisionProductPrefData.Generated.cs">
</Event><Event ErrorLevel="0" Project="HomeBuilders.EF.Server.EnvisionIntegration" Source="..\..\..\..\..\..\Download\EnvisionIntegration\EnvisionIntegration\Database\LocationData.cs" Description="File successfully backed up as C:\Documents and Settings\xamaldonado\Working\Source Code\Pivotal\Pivotal - HIP\Server Tasks-ASRs\ASRs\SAPToHIPIntegration\Backup1\Database\LocationData.cs">
</Event><Event ErrorLevel="0" Project="HomeBuilders.EF.Server.EnvisionIntegration" Source="..\..\..\..\..\..\Download\EnvisionIntegration\EnvisionIntegration\Database\DivisionData.cs" Description="File successfully backed up as C:\Documents and Settings\xamaldonado\Working\Source Code\Pivotal\Pivotal - HIP\Server Tasks-ASRs\ASRs\SAPToHIPIntegration\Backup1\Database\DivisionData.cs">
</Event><Event ErrorLevel="0" Project="HomeBuilders.EF.Server.EnvisionIntegration" Source="..\..\..\..\..\..\Download\EnvisionIntegration\EnvisionIntegration\Database\DivisionData.Generated.cs" Description="File successfully backed up as C:\Documents and Settings\xamaldonado\Working\Source Code\Pivotal\Pivotal - HIP\Server Tasks-ASRs\ASRs\SAPToHIPIntegration\Backup1\Database\DivisionData.Generated.cs">
</Event><Event ErrorLevel="0" Project="HomeBuilders.EF.Server.EnvisionIntegration" Source="..\..\..\..\..\..\Download\EnvisionIntegration\EnvisionIntegration\Database\DivisionProductData.cs" Description="File successfully backed up as C:\Documents and Settings\xamaldonado\Working\Source Code\Pivotal\Pivotal - HIP\Server Tasks-ASRs\ASRs\SAPToHIPIntegration\Backup1\Database\DivisionProductData.cs">
</Event><Event ErrorLevel="0" Project="HomeBuilders.EF.Server.EnvisionIntegration" Source="..\..\..\..\..\..\Download\EnvisionIntegration\EnvisionIntegration\Database\DivisionProductData.Generated.cs" Description="File successfully backed up as C:\Documents and Settings\xamaldonado\Working\Source Code\Pivotal\Pivotal - HIP\Server Tasks-ASRs\ASRs\SAPToHIPIntegration\Backup1\Database\DivisionProductData.Generated.cs">
</Event><Event ErrorLevel="0" Project="HomeBuilders.EF.Server.EnvisionIntegration" Source="..\..\..\..\..\..\Download\EnvisionIntegration\EnvisionIntegration\Database\EnvSyncData.cs" Description="File successfully backed up as C:\Documents and Settings\xamaldonado\Working\Source Code\Pivotal\Pivotal - HIP\Server Tasks-ASRs\ASRs\SAPToHIPIntegration\Backup1\Database\EnvSyncData.cs">
</Event><Event ErrorLevel="0" Project="HomeBuilders.EF.Server.EnvisionIntegration" Source="..\..\..\..\..\..\Download\EnvisionIntegration\EnvisionIntegration\Database\EnvSyncData.Generated.cs" Description="File successfully backed up as C:\Documents and Settings\xamaldonado\Working\Source Code\Pivotal\Pivotal - HIP\Server Tasks-ASRs\ASRs\SAPToHIPIntegration\Backup1\Database\EnvSyncData.Generated.cs">
</Event><Event ErrorLevel="0" Project="HomeBuilders.EF.Server.EnvisionIntegration" Source="..\..\..\..\..\..\Download\EnvisionIntegration\EnvisionIntegration\Database\NbhdPhaseData.cs" Description="File successfully backed up as C:\Documents and Settings\xamaldonado\Working\Source Code\Pivotal\Pivotal - HIP\Server Tasks-ASRs\ASRs\SAPToHIPIntegration\Backup1\Database\NbhdPhaseData.cs">
</Event><Event ErrorLevel="0" Project="HomeBuilders.EF.Server.EnvisionIntegration" Source="..\..\..\..\..\..\Download\EnvisionIntegration\EnvisionIntegration\Database\NbhdPhaseData.Generated.cs" Description="File successfully backed up as C:\Documents and Settings\xamaldonado\Working\Source Code\Pivotal\Pivotal - HIP\Server Tasks-ASRs\ASRs\SAPToHIPIntegration\Backup1\Database\NbhdPhaseData.Generated.cs">
</Event><Event ErrorLevel="0" Project="HomeBuilders.EF.Server.EnvisionIntegration" Source="..\..\..\..\..\..\Download\EnvisionIntegration\EnvisionIntegration\Database\NbhdpProductData.cs" Description="File successfully backed up as C:\Documents and Settings\xamaldonado\Working\Source Code\Pivotal\Pivotal - HIP\Server Tasks-ASRs\ASRs\SAPToHIPIntegration\Backup1\Database\NbhdpProductData.cs">
</Event><Event ErrorLevel="0" Project="HomeBuilders.EF.Server.EnvisionIntegration" Source="..\..\..\..\..\..\Download\EnvisionIntegration\EnvisionIntegration\Database\NbhdpProductData.Generated.cs" Description="File successfully backed up as C:\Documents and Settings\xamaldonado\Working\Source Code\Pivotal\Pivotal - HIP\Server Tasks-ASRs\ASRs\SAPToHIPIntegration\Backup1\Database\NbhdpProductData.Generated.cs">
</Event><Event ErrorLevel="0" Project="HomeBuilders.EF.Server.EnvisionIntegration" Source="..\..\..\..\..\..\Download\EnvisionIntegration\EnvisionIntegration\Database\NeighborhoodData.cs" Description="File successfully backed up as C:\Documents and Settings\xamaldonado\Working\Source Code\Pivotal\Pivotal - HIP\Server Tasks-ASRs\ASRs\SAPToHIPIntegration\Backup1\Database\NeighborhoodData.cs">
</Event><Event ErrorLevel="0" Project="HomeBuilders.EF.Server.EnvisionIntegration" Source="..\..\..\..\..\..\Download\EnvisionIntegration\EnvisionIntegration\Database\NeighborhoodData.Generated.cs" Description="File successfully backed up as C:\Documents and Settings\xamaldonado\Working\Source Code\Pivotal\Pivotal - HIP\Server Tasks-ASRs\ASRs\SAPToHIPIntegration\Backup1\Database\NeighborhoodData.Generated.cs">
</Event><Event ErrorLevel="0" Project="HomeBuilders.EF.Server.EnvisionIntegration" Source="..\..\..\..\..\..\Download\EnvisionIntegration\EnvisionIntegration\Database\OpportunityData.cs" Description="File successfully backed up as C:\Documents and Settings\xamaldonado\Working\Source Code\Pivotal\Pivotal - HIP\Server Tasks-ASRs\ASRs\SAPToHIPIntegration\Backup1\Database\OpportunityData.cs">
</Event><Event ErrorLevel="0" Project="HomeBuilders.EF.Server.EnvisionIntegration" Source="..\..\..\..\..\..\Download\EnvisionIntegration\EnvisionIntegration\Database\OpportunityData.Generated.cs" Description="File successfully backed up as C:\Documents and Settings\xamaldonado\Working\Source Code\Pivotal\Pivotal - HIP\Server Tasks-ASRs\ASRs\SAPToHIPIntegration\Backup1\Database\OpportunityData.Generated.cs">
</Event><Event ErrorLevel="0" Project="HomeBuilders.EF.Server.EnvisionIntegration" Source="..\..\..\..\..\..\Download\EnvisionIntegration\EnvisionIntegration\Database\OpportunityProductData.Generated.cs" Description="File successfully backed up as C:\Documents and Settings\xamaldonado\Working\Source Code\Pivotal\Pivotal - HIP\Server Tasks-ASRs\ASRs\SAPToHIPIntegration\Backup1\Database\OpportunityProductData.Generated.cs">
</Event><Event ErrorLevel="0" Project="HomeBuilders.EF.Server.EnvisionIntegration" Source="..\..\..\..\..\..\Download\EnvisionIntegration\EnvisionIntegration\Database\ProductData.cs" Description="File successfully backed up as C:\Documents and Settings\xamaldonado\Working\Source Code\Pivotal\Pivotal - HIP\Server Tasks-ASRs\ASRs\SAPToHIPIntegration\Backup1\Database\ProductData.cs">
</Event><Event ErrorLevel="0" Project="HomeBuilders.EF.Server.EnvisionIntegration" Source="..\..\..\..\..\..\Download\EnvisionIntegration\EnvisionIntegration\Database\ProductData.Generated.cs" Description="File successfully backed up as C:\Documents and Settings\xamaldonado\Working\Source Code\Pivotal\Pivotal - HIP\Server Tasks-ASRs\ASRs\SAPToHIPIntegration\Backup1\Database\ProductData.Generated.cs">
</Event><Event ErrorLevel="0" Project="HomeBuilders.EF.Server.EnvisionIntegration" Source="..\..\..\..\..\..\Download\EnvisionIntegration\EnvisionIntegration\Database\ProductOptionRuleData.Generated.cs" Description="File successfully backed up as C:\Documents and Settings\xamaldonado\Working\Source Code\Pivotal\Pivotal - HIP\Server Tasks-ASRs\ASRs\SAPToHIPIntegration\Backup1\Database\ProductOptionRuleData.Generated.cs">
</Event><Event ErrorLevel="0" Project="HomeBuilders.EF.Server.EnvisionIntegration" Source="..\..\..\..\..\..\Download\EnvisionIntegration\EnvisionIntegration\Database\ProductPackageComponentData.cs" Description="File successfully backed up as C:\Documents and Settings\xamaldonado\Working\Source Code\Pivotal\Pivotal - HIP\Server Tasks-ASRs\ASRs\SAPToHIPIntegration\Backup1\Database\ProductPackageComponentData.cs">
</Event><Event ErrorLevel="0" Project="HomeBuilders.EF.Server.EnvisionIntegration" Source="..\..\..\..\..\..\Download\EnvisionIntegration\EnvisionIntegration\Database\ProductPackageComponentData.Generated.cs" Description="File successfully backed up as C:\Documents and Settings\xamaldonado\Working\Source Code\Pivotal\Pivotal - HIP\Server Tasks-ASRs\ASRs\SAPToHIPIntegration\Backup1\Database\ProductPackageComponentData.Generated.cs">
</Event><Event ErrorLevel="0" Project="HomeBuilders.EF.Server.EnvisionIntegration" Source="..\..\..\..\..\..\Download\EnvisionIntegration\EnvisionIntegration\Database\RegionData.cs" Description="File successfully backed up as C:\Documents and Settings\xamaldonado\Working\Source Code\Pivotal\Pivotal - HIP\Server Tasks-ASRs\ASRs\SAPToHIPIntegration\Backup1\Database\RegionData.cs">
</Event><Event ErrorLevel="0" Project="HomeBuilders.EF.Server.EnvisionIntegration" Source="..\..\..\..\..\..\Download\EnvisionIntegration\EnvisionIntegration\Database\RegionData.Generated.cs" Description="File successfully backed up as C:\Documents and Settings\xamaldonado\Working\Source Code\Pivotal\Pivotal - HIP\Server Tasks-ASRs\ASRs\SAPToHIPIntegration\Backup1\Database\RegionData.Generated.cs">
</Event><Event ErrorLevel="0" Project="HomeBuilders.EF.Server.EnvisionIntegration" Source="..\..\..\..\..\..\Download\EnvisionIntegration\EnvisionIntegration\Database\SystemData.cs" Description="File successfully backed up as C:\Documents and Settings\xamaldonado\Working\Source Code\Pivotal\Pivotal - HIP\Server Tasks-ASRs\ASRs\SAPToHIPIntegration\Backup1\Database\SystemData.cs">
</Event><Event ErrorLevel="0" Project="HomeBuilders.EF.Server.EnvisionIntegration" Source="..\..\..\..\..\..\Download\EnvisionIntegration\EnvisionIntegration\Database\SystemData.Generated.cs" Description="File successfully backed up as C:\Documents and Settings\xamaldonado\Working\Source Code\Pivotal\Pivotal - HIP\Server Tasks-ASRs\ASRs\SAPToHIPIntegration\Backup1\Database\SystemData.Generated.cs">
</Event><Event ErrorLevel="0" Project="HomeBuilders.EF.Server.EnvisionIntegration" Source="..\..\..\..\..\..\Download\EnvisionIntegration\EnvisionIntegration\EnvisionHttpClientProtocol.cs" Description="File successfully backed up as C:\Documents and Settings\xamaldonado\Working\Source Code\Pivotal\Pivotal - HIP\Server Tasks-ASRs\ASRs\SAPToHIPIntegration\Backup1\EnvisionHttpClientProtocol.cs">
</Event><Event ErrorLevel="0" Project="HomeBuilders.EF.Server.EnvisionIntegration" Source="..\..\..\..\..\..\Download\EnvisionIntegration\EnvisionIntegration\EnvisionIntegration.cs" Description="File successfully backed up as C:\Documents and Settings\xamaldonado\Working\Source Code\Pivotal\Pivotal - HIP\Server Tasks-ASRs\ASRs\SAPToHIPIntegration\Backup1\EnvisionIntegration.cs">
</Event><Event ErrorLevel="0" Project="HomeBuilders.EF.Server.EnvisionIntegration" Source="..\..\..\..\..\..\Download\EnvisionIntegration\EnvisionIntegration\EnvisionIntegration_BH.cs" Description="File successfully backed up as C:\Documents and Settings\xamaldonado\Working\Source Code\Pivotal\Pivotal - HIP\Server Tasks-ASRs\ASRs\SAPToHIPIntegration\Backup1\EnvisionIntegration_BH.cs">
</Event><Event ErrorLevel="0" Project="HomeBuilders.EF.Server.EnvisionIntegration" Source="..\..\..\..\..\..\Download\EnvisionIntegration\EnvisionIntegration\EnvisionIntegration_BS.cs" Description="File successfully backed up as C:\Documents and Settings\xamaldonado\Working\Source Code\Pivotal\Pivotal - HIP\Server Tasks-ASRs\ASRs\SAPToHIPIntegration\Backup1\EnvisionIntegration_BS.cs">
</Event><Event ErrorLevel="0" Project="HomeBuilders.EF.Server.EnvisionIntegration" Source="..\..\..\..\..\..\Download\EnvisionIntegration\EnvisionIntegration\EnvisionIntegration_FTPHelper.cs" Description="File successfully backed up as C:\Documents and Settings\xamaldonado\Working\Source Code\Pivotal\Pivotal - HIP\Server Tasks-ASRs\ASRs\SAPToHIPIntegration\Backup1\EnvisionIntegration_FTPHelper.cs">
</Event><Event ErrorLevel="0" Project="HomeBuilders.EF.Server.EnvisionIntegration" Source="..\..\..\..\..\..\Download\EnvisionIntegration\EnvisionIntegration\EnvisionIntegration_Inv.cs" Description="File successfully backed up as C:\Documents and Settings\xamaldonado\Working\Source Code\Pivotal\Pivotal - HIP\Server Tasks-ASRs\ASRs\SAPToHIPIntegration\Backup1\EnvisionIntegration_Inv.cs">
</Event><Event ErrorLevel="0" Project="HomeBuilders.EF.Server.EnvisionIntegration" Source="..\..\..\..\..\..\Download\EnvisionIntegration\EnvisionIntegration\EnvisionLoggingReader.cs" Description="File successfully backed up as C:\Documents and Settings\xamaldonado\Working\Source Code\Pivotal\Pivotal - HIP\Server Tasks-ASRs\ASRs\SAPToHIPIntegration\Backup1\EnvisionLoggingReader.cs">
</Event><Event ErrorLevel="0" Project="HomeBuilders.EF.Server.EnvisionIntegration" Source="..\..\..\..\..\..\Download\EnvisionIntegration\EnvisionIntegration\EnvisionLoggingWriter.cs" Description="File successfully backed up as C:\Documents and Settings\xamaldonado\Working\Source Code\Pivotal\Pivotal - HIP\Server Tasks-ASRs\ASRs\SAPToHIPIntegration\Backup1\EnvisionLoggingWriter.cs">
</Event><Event ErrorLevel="0" Project="HomeBuilders.EF.Server.EnvisionIntegration" Source="..\..\..\..\..\..\Download\EnvisionIntegration\EnvisionIntegration\EnvisionXsdGenerated\Envision_BuyerSelections-v1_9_3.cs" Description="File successfully backed up as C:\Documents and Settings\xamaldonado\Working\Source Code\Pivotal\Pivotal - HIP\Server Tasks-ASRs\ASRs\SAPToHIPIntegration\Backup1\EnvisionXsdGenerated\Envision_BuyerSelections-v1_9_3.cs">
</Event><Event ErrorLevel="0" Project="HomeBuilders.EF.Server.EnvisionIntegration" Source="..\..\..\..\..\..\Download\EnvisionIntegration\EnvisionIntegration\EnvisionXsdGenerated\Envision_DCM_WS_Buyer-v1_9_3.cs" Description="File successfully backed up as C:\Documents and Settings\xamaldonado\Working\Source Code\Pivotal\Pivotal - HIP\Server Tasks-ASRs\ASRs\SAPToHIPIntegration\Backup1\EnvisionXsdGenerated\Envision_DCM_WS_Buyer-v1_9_3.cs">
</Event><Event ErrorLevel="0" Project="HomeBuilders.EF.Server.EnvisionIntegration" Source="..\..\..\..\..\..\Download\EnvisionIntegration\EnvisionIntegration\EnvisionXsdGenerated\Envision_DCM_WS_Home-v1_9_3.cs" Description="File successfully backed up as C:\Documents and Settings\xamaldonado\Working\Source Code\Pivotal\Pivotal - HIP\Server Tasks-ASRs\ASRs\SAPToHIPIntegration\Backup1\EnvisionXsdGenerated\Envision_DCM_WS_Home-v1_9_3.cs">
</Event><Event ErrorLevel="0" Project="HomeBuilders.EF.Server.EnvisionIntegration" Source="..\..\..\..\..\..\Download\EnvisionIntegration\EnvisionIntegration\EnvisionXsdGenerated\Envision_Option-v1_9_3.cs" Description="File successfully backed up as C:\Documents and Settings\xamaldonado\Working\Source Code\Pivotal\Pivotal - HIP\Server Tasks-ASRs\ASRs\SAPToHIPIntegration\Backup1\EnvisionXsdGenerated\Envision_Option-v1_9_3.cs">
</Event><Event ErrorLevel="0" Project="HomeBuilders.EF.Server.EnvisionIntegration" Source="..\..\..\..\..\..\Download\EnvisionIntegration\EnvisionIntegration\EnvisionXsdGenerated\Envision_Option_Extended.cs" Description="File successfully backed up as C:\Documents and Settings\xamaldonado\Working\Source Code\Pivotal\Pivotal - HIP\Server Tasks-ASRs\ASRs\SAPToHIPIntegration\Backup1\EnvisionXsdGenerated\Envision_Option_Extended.cs">
</Event><Event ErrorLevel="0" Project="HomeBuilders.EF.Server.EnvisionIntegration" Source="..\..\..\..\..\..\Download\EnvisionIntegration\EnvisionIntegration\EnvisionXsdGenerated\Envision_WS_Output-v1_9_3.cs" Description="File successfully backed up as C:\Documents and Settings\xamaldonado\Working\Source Code\Pivotal\Pivotal - HIP\Server Tasks-ASRs\ASRs\SAPToHIPIntegration\Backup1\EnvisionXsdGenerated\Envision_WS_Output-v1_9_3.cs">
</Event><Event ErrorLevel="0" Project="HomeBuilders.EF.Server.EnvisionIntegration" Source="..\..\..\..\..\..\Download\EnvisionIntegration\EnvisionIntegration\FtpService.cs" Description="File successfully backed up as C:\Documents and Settings\xamaldonado\Working\Source Code\Pivotal\Pivotal - HIP\Server Tasks-ASRs\ASRs\SAPToHIPIntegration\Backup1\FtpService.cs">
</Event><Event ErrorLevel="0" Project="HomeBuilders.EF.Server.EnvisionIntegration" Source="..\..\..\..\..\..\Download\EnvisionIntegration\EnvisionIntegration\GlobalSuppressions.cs" Description="File successfully backed up as C:\Documents and Settings\xamaldonado\Working\Source Code\Pivotal\Pivotal - HIP\Server Tasks-ASRs\ASRs\SAPToHIPIntegration\Backup1\GlobalSuppressions.cs">
</Event><Event ErrorLevel="0" Project="HomeBuilders.EF.Server.EnvisionIntegration" Source="..\..\..\..\..\..\Download\EnvisionIntegration\EnvisionIntegration\HomeWebService.cs" Description="File successfully backed up as C:\Documents and Settings\xamaldonado\Working\Source Code\Pivotal\Pivotal - HIP\Server Tasks-ASRs\ASRs\SAPToHIPIntegration\Backup1\HomeWebService.cs">
</Event><Event ErrorLevel="0" Project="HomeBuilders.EF.Server.EnvisionIntegration" Source="..\..\..\..\..\..\Download\EnvisionIntegration\EnvisionIntegration\Database\LocationData.Generated.cs" Description="File successfully backed up as C:\Documents and Settings\xamaldonado\Working\Source Code\Pivotal\Pivotal - HIP\Server Tasks-ASRs\ASRs\SAPToHIPIntegration\Backup1\Database\LocationData.Generated.cs">
</Event><Event ErrorLevel="0" Project="HomeBuilders.EF.Server.EnvisionIntegration" Source="..\..\..\..\..\..\Download\EnvisionIntegration\EnvisionIntegration\Logging.cs" Description="File successfully backed up as C:\Documents and Settings\xamaldonado\Working\Source Code\Pivotal\Pivotal - HIP\Server Tasks-ASRs\ASRs\SAPToHIPIntegration\Backup1\Logging.cs">
</Event><Event ErrorLevel="0" Project="HomeBuilders.EF.Server.EnvisionIntegration" Source="..\..\..\..\..\..\Download\EnvisionIntegration\EnvisionIntegration\MI_Envision_Utility.cs" Description="File successfully backed up as C:\Documents and Settings\xamaldonado\Working\Source Code\Pivotal\Pivotal - HIP\Server Tasks-ASRs\ASRs\SAPToHIPIntegration\Backup1\MI_Envision_Utility.cs">
</Event><Event ErrorLevel="0" Project="HomeBuilders.EF.Server.EnvisionIntegration" Source="..\..\..\..\..\..\Download\EnvisionIntegration\EnvisionIntegration\OptionsManagerWebService.cs" Description="File successfully backed up as C:\Documents and Settings\xamaldonado\Working\Source Code\Pivotal\Pivotal - HIP\Server Tasks-ASRs\ASRs\SAPToHIPIntegration\Backup1\OptionsManagerWebService.cs">
</Event><Event ErrorLevel="0" Project="HomeBuilders.EF.Server.EnvisionIntegration" Source="..\..\..\..\..\..\Download\EnvisionIntegration\EnvisionIntegration\Properties\AssemblyInfo.cs" Description="File successfully backed up as C:\Documents and Settings\xamaldonado\Working\Source Code\Pivotal\Pivotal - HIP\Server Tasks-ASRs\ASRs\SAPToHIPIntegration\Backup1\Properties\AssemblyInfo.cs">
</Event><Event ErrorLevel="0" Project="HomeBuilders.EF.Server.EnvisionIntegration" Source="..\..\..\..\..\..\Download\EnvisionIntegration\EnvisionIntegration\Sync.cs" Description="File successfully backed up as C:\Documents and Settings\xamaldonado\Working\Source Code\Pivotal\Pivotal - HIP\Server Tasks-ASRs\ASRs\SAPToHIPIntegration\Backup1\Sync.cs">
</Event><Event ErrorLevel="0" Project="HomeBuilders.EF.Server.EnvisionIntegration" Source="..\..\..\..\..\..\Download\EnvisionIntegration\EnvisionIntegration\SyncProxy.cs" Description="File successfully backed up as C:\Documents and Settings\xamaldonado\Working\Source Code\Pivotal\Pivotal - HIP\Server Tasks-ASRs\ASRs\SAPToHIPIntegration\Backup1\SyncProxy.cs">
</Event><Event ErrorLevel="0" Project="HomeBuilders.EF.Server.EnvisionIntegration" Source="..\..\..\..\..\..\Download\EnvisionIntegration\EnvisionIntegration\ValidateXml.cs" Description="File successfully backed up as C:\Documents and Settings\xamaldonado\Working\Source Code\Pivotal\Pivotal - HIP\Server Tasks-ASRs\ASRs\SAPToHIPIntegration\Backup1\ValidateXml.cs">
</Event><Event ErrorLevel="0" Project="HomeBuilders.EF.Server.EnvisionIntegration" Source="..\..\..\..\..\..\Download\EnvisionIntegration\EnvisionIntegration\Pivotal.Applications.Homebuilders.snk" Description="File successfully backed up as C:\Documents and Settings\xamaldonado\Working\Source Code\Pivotal\Pivotal - HIP\Server Tasks-ASRs\ASRs\SAPToHIPIntegration\Backup1\Pivotal.Applications.Homebuilders.snk">
</Event><Event ErrorLevel="0" Project="HomeBuilders.EF.Server.EnvisionIntegration" Source="..\..\..\..\..\..\Download\EnvisionIntegration\EnvisionIntegration\HomeBuilders.EF.Server.EnvisionIntegration.csproj" Description="Project converted successfully">
</Event><Event ErrorLevel="3" Project="HomeBuilders.EF.Server.EnvisionIntegration" Source="..\..\..\..\..\..\Download\EnvisionIntegration\EnvisionIntegration\HomeBuilders.EF.Server.EnvisionIntegration.csproj" Description="Converted">
</Event><Event ErrorLevel="0" Project="HomeBuilders.EF.Server.EnvisionIntegration" Source="..\..\..\..\..\..\Download\EnvisionIntegration\EnvisionIntegration\HomeBuilders.EF.Server.EnvisionIntegration.csproj" Description="Scan complete: Upgrade not required for project files.">
</Event></UpgradeLog>