<?xml version="1.0" encoding="UTF-8"?><?xml-stylesheet type='text/xsl' href='_UpgradeReport_Files/UpgradeReport.xslt'?><UpgradeLog>
<Properties><Property Name="Solution" Value="SAPToHIPIntegration">
</Property><Property Name="Solution File" Value="C:\Documents and Settings\xamaldonado\Working\Source Code\Pivotal\Pivotal - HIP\Server Tasks-ASRs\ASRs\SAPToHIPIntegration\SAPToHIPIntegration.sln">
</Property><Property Name="Date" Value="Thursday, August 19, 2010">
</Property><Property Name="Time" Value="17:26:01 PM">
</Property></Properties><Event ErrorLevel="0" Project="HomeBuilders.EF.Server.EnvisionIntegration" Source="..\..\..\..\..\..\..\..\..\Program Files\Pivotal\Homebuilder\Homebuilder 5.9\AppServer Rules Source Code\Envision Integration\HomeBuilders.EF.Server.EnvisionIntegration.csproj" Description="Project file successfully backed up as C:\Documents and Settings\xamaldonado\Working\Source Code\Pivotal\Pivotal - HIP\Server Tasks-ASRs\ASRs\SAPToHIPIntegration\Backup\HomeBuilders.EF.Server.EnvisionIntegration.csproj">
</Event><Event ErrorLevel="0" Project="HomeBuilders.EF.Server.EnvisionIntegration" Source="..\..\..\..\..\..\..\..\..\Program Files\Pivotal\Homebuilder\Homebuilder 5.9\AppServer Rules Source Code\Envision Integration\BuilderClasses\BuilderBase.cs" Description="File successfully backed up as C:\Documents and Settings\xamaldonado\Working\Source Code\Pivotal\Pivotal - HIP\Server Tasks-ASRs\ASRs\SAPToHIPIntegration\Backup\BuilderClasses\BuilderBase.cs">
</Event><Event ErrorLevel="0" Project="HomeBuilders.EF.Server.EnvisionIntegration" Source="..\..\..\..\..\..\..\..\..\Program Files\Pivotal\Homebuilder\Homebuilder 5.9\AppServer Rules Source Code\Envision Integration\BuilderClasses\IntersectionRulesBuilder.cs" Description="File successfully backed up as C:\Documents and Settings\xamaldonado\Working\Source Code\Pivotal\Pivotal - HIP\Server Tasks-ASRs\ASRs\SAPToHIPIntegration\Backup\BuilderClasses\IntersectionRulesBuilder.cs">
</Event><Event ErrorLevel="0" Project="HomeBuilders.EF.Server.EnvisionIntegration" Source="..\..\..\..\..\..\..\..\..\Program Files\Pivotal\Homebuilder\Homebuilder 5.9\AppServer Rules Source Code\Envision Integration\BuilderClasses\EnvisionBuilder.cs" Description="File successfully backed up as C:\Documents and Settings\xamaldonado\Working\Source Code\Pivotal\Pivotal - HIP\Server Tasks-ASRs\ASRs\SAPToHIPIntegration\Backup\BuilderClasses\EnvisionBuilder.cs">
</Event><Event ErrorLevel="0" Project="HomeBuilders.EF.Server.EnvisionIntegration" Source="..\..\..\..\..\..\..\..\..\Program Files\Pivotal\Homebuilder\Homebuilder 5.9\AppServer Rules Source Code\Envision Integration\BuilderClasses\InventoryBuilder.cs" Description="File successfully backed up as C:\Documents and Settings\xamaldonado\Working\Source Code\Pivotal\Pivotal - HIP\Server Tasks-ASRs\ASRs\SAPToHIPIntegration\Backup\BuilderClasses\InventoryBuilder.cs">
</Event><Event ErrorLevel="0" Project="HomeBuilders.EF.Server.EnvisionIntegration" Source="..\..\..\..\..\..\..\..\..\Program Files\Pivotal\Homebuilder\Homebuilder 5.9\AppServer Rules Source Code\Envision Integration\BuilderClasses\LocationReferenceBuilder.cs" Description="File successfully backed up as C:\Documents and Settings\xamaldonado\Working\Source Code\Pivotal\Pivotal - HIP\Server Tasks-ASRs\ASRs\SAPToHIPIntegration\Backup\BuilderClasses\LocationReferenceBuilder.cs">
</Event><Event ErrorLevel="0" Project="HomeBuilders.EF.Server.EnvisionIntegration" Source="..\..\..\..\..\..\..\..\..\Program Files\Pivotal\Homebuilder\Homebuilder 5.9\AppServer Rules Source Code\Envision Integration\BuilderClasses\OptionAssignmentsBuilder.cs" Description="File successfully backed up as C:\Documents and Settings\xamaldonado\Working\Source Code\Pivotal\Pivotal - HIP\Server Tasks-ASRs\ASRs\SAPToHIPIntegration\Backup\BuilderClasses\OptionAssignmentsBuilder.cs">
</Event><Event ErrorLevel="0" Project="HomeBuilders.EF.Server.EnvisionIntegration" Source="..\..\..\..\..\..\..\..\..\Program Files\Pivotal\Homebuilder\Homebuilder 5.9\AppServer Rules Source Code\Envision Integration\BuilderClasses\OptionBuilder.cs" Description="File successfully backed up as C:\Documents and Settings\xamaldonado\Working\Source Code\Pivotal\Pivotal - HIP\Server Tasks-ASRs\ASRs\SAPToHIPIntegration\Backup\BuilderClasses\OptionBuilder.cs">
</Event><Event ErrorLevel="0" Project="HomeBuilders.EF.Server.EnvisionIntegration" Source="..\..\..\..\..\..\..\..\..\Program Files\Pivotal\Homebuilder\Homebuilder 5.9\AppServer Rules Source Code\Envision Integration\BuilderClasses\RoomsBuilder.cs" Description="File successfully backed up as C:\Documents and Settings\xamaldonado\Working\Source Code\Pivotal\Pivotal - HIP\Server Tasks-ASRs\ASRs\SAPToHIPIntegration\Backup\BuilderClasses\RoomsBuilder.cs">
</Event><Event ErrorLevel="0" Project="HomeBuilders.EF.Server.EnvisionIntegration" Source="..\..\..\..\..\..\..\..\..\Program Files\Pivotal\Homebuilder\Homebuilder 5.9\AppServer Rules Source Code\Envision Integration\BuyerWebService.cs" Description="File successfully backed up as C:\Documents and Settings\xamaldonado\Working\Source Code\Pivotal\Pivotal - HIP\Server Tasks-ASRs\ASRs\SAPToHIPIntegration\Backup\BuyerWebService.cs">
</Event><Event ErrorLevel="0" Project="HomeBuilders.EF.Server.EnvisionIntegration" Source="..\..\..\..\..\..\..\..\..\Program Files\Pivotal\Homebuilder\Homebuilder 5.9\AppServer Rules Source Code\Envision Integration\Configuration.cs" Description="File successfully backed up as C:\Documents and Settings\xamaldonado\Working\Source Code\Pivotal\Pivotal - HIP\Server Tasks-ASRs\ASRs\SAPToHIPIntegration\Backup\Configuration.cs">
</Event><Event ErrorLevel="0" Project="HomeBuilders.EF.Server.EnvisionIntegration" Source="..\..\..\..\..\..\..\..\..\Program Files\Pivotal\Homebuilder\Homebuilder 5.9\AppServer Rules Source Code\Envision Integration\ContractExceptionMessage.cs" Description="File successfully backed up as C:\Documents and Settings\xamaldonado\Working\Source Code\Pivotal\Pivotal - HIP\Server Tasks-ASRs\ASRs\SAPToHIPIntegration\Backup\ContractExceptionMessage.cs">
</Event><Event ErrorLevel="0" Project="HomeBuilders.EF.Server.EnvisionIntegration" Source="..\..\..\..\..\..\..\..\..\Program Files\Pivotal\Homebuilder\Homebuilder 5.9\AppServer Rules Source Code\Envision Integration\Database\ContactCoBuyerData.cs" Description="File successfully backed up as C:\Documents and Settings\xamaldonado\Working\Source Code\Pivotal\Pivotal - HIP\Server Tasks-ASRs\ASRs\SAPToHIPIntegration\Backup\Database\ContactCoBuyerData.cs">
</Event><Event ErrorLevel="0" Project="HomeBuilders.EF.Server.EnvisionIntegration" Source="..\..\..\..\..\..\..\..\..\Program Files\Pivotal\Homebuilder\Homebuilder 5.9\AppServer Rules Source Code\Envision Integration\Database\ContactCoBuyerData.Generated.cs" Description="File successfully backed up as C:\Documents and Settings\xamaldonado\Working\Source Code\Pivotal\Pivotal - HIP\Server Tasks-ASRs\ASRs\SAPToHIPIntegration\Backup\Database\ContactCoBuyerData.Generated.cs">
</Event><Event ErrorLevel="0" Project="HomeBuilders.EF.Server.EnvisionIntegration" Source="..\..\..\..\..\..\..\..\..\Program Files\Pivotal\Homebuilder\Homebuilder 5.9\AppServer Rules Source Code\Envision Integration\Database\ContactData.cs" Description="File successfully backed up as C:\Documents and Settings\xamaldonado\Working\Source Code\Pivotal\Pivotal - HIP\Server Tasks-ASRs\ASRs\SAPToHIPIntegration\Backup\Database\ContactData.cs">
</Event><Event ErrorLevel="0" Project="HomeBuilders.EF.Server.EnvisionIntegration" Source="..\..\..\..\..\..\..\..\..\Program Files\Pivotal\Homebuilder\Homebuilder 5.9\AppServer Rules Source Code\Envision Integration\Database\ContactData.Generated.cs" Description="File successfully backed up as C:\Documents and Settings\xamaldonado\Working\Source Code\Pivotal\Pivotal - HIP\Server Tasks-ASRs\ASRs\SAPToHIPIntegration\Backup\Database\ContactData.Generated.cs">
</Event><Event ErrorLevel="0" Project="HomeBuilders.EF.Server.EnvisionIntegration" Source="..\..\..\..\..\..\..\..\..\Program Files\Pivotal\Homebuilder\Homebuilder 5.9\AppServer Rules Source Code\Envision Integration\Database\EnvBuyerSelectionsData.cs" Description="File successfully backed up as C:\Documents and Settings\xamaldonado\Working\Source Code\Pivotal\Pivotal - HIP\Server Tasks-ASRs\ASRs\SAPToHIPIntegration\Backup\Database\EnvBuyerSelectionsData.cs">
</Event><Event ErrorLevel="0" Project="HomeBuilders.EF.Server.EnvisionIntegration" Source="..\..\..\..\..\..\..\..\..\Program Files\Pivotal\Homebuilder\Homebuilder 5.9\AppServer Rules Source Code\Envision Integration\Database\DivisionProductLocationsData.cs" Description="File successfully backed up as C:\Documents and Settings\xamaldonado\Working\Source Code\Pivotal\Pivotal - HIP\Server Tasks-ASRs\ASRs\SAPToHIPIntegration\Backup\Database\DivisionProductLocationsData.cs">
</Event><Event ErrorLevel="0" Project="HomeBuilders.EF.Server.EnvisionIntegration" Source="..\..\..\..\..\..\..\..\..\Program Files\Pivotal\Homebuilder\Homebuilder 5.9\AppServer Rules Source Code\Envision Integration\Database\DivisionProductLocationsData.Generated.cs" Description="File successfully backed up as C:\Documents and Settings\xamaldonado\Working\Source Code\Pivotal\Pivotal - HIP\Server Tasks-ASRs\ASRs\SAPToHIPIntegration\Backup\Database\DivisionProductLocationsData.Generated.cs">
</Event><Event ErrorLevel="0" Project="HomeBuilders.EF.Server.EnvisionIntegration" Source="..\..\..\..\..\..\..\..\..\Program Files\Pivotal\Homebuilder\Homebuilder 5.9\AppServer Rules Source Code\Envision Integration\Database\EnvBuyerSelectionsData.Generated.cs" Description="File successfully backed up as C:\Documents and Settings\xamaldonado\Working\Source Code\Pivotal\Pivotal - HIP\Server Tasks-ASRs\ASRs\SAPToHIPIntegration\Backup\Database\EnvBuyerSelectionsData.Generated.cs">
</Event><Event ErrorLevel="0" Project="HomeBuilders.EF.Server.EnvisionIntegration" Source="..\..\..\..\..\..\..\..\..\Program Files\Pivotal\Homebuilder\Homebuilder 5.9\AppServer Rules Source Code\Envision Integration\Database\LoanData.cs" Description="File successfully backed up as C:\Documents and Settings\xamaldonado\Working\Source Code\Pivotal\Pivotal - HIP\Server Tasks-ASRs\ASRs\SAPToHIPIntegration\Backup\Database\LoanData.cs">
</Event><Event ErrorLevel="0" Project="HomeBuilders.EF.Server.EnvisionIntegration" Source="..\..\..\..\..\..\..\..\..\Program Files\Pivotal\Homebuilder\Homebuilder 5.9\AppServer Rules Source Code\Envision Integration\Database\LoanData.Generated.cs" Description="File successfully backed up as C:\Documents and Settings\xamaldonado\Working\Source Code\Pivotal\Pivotal - HIP\Server Tasks-ASRs\ASRs\SAPToHIPIntegration\Backup\Database\LoanData.Generated.cs">
</Event><Event ErrorLevel="0" Project="HomeBuilders.EF.Server.EnvisionIntegration" Source="..\..\..\..\..\..\..\..\..\Program Files\Pivotal\Homebuilder\Homebuilder 5.9\AppServer Rules Source Code\Envision Integration\Database\LoanProfileData.cs" Description="File successfully backed up as C:\Documents and Settings\xamaldonado\Working\Source Code\Pivotal\Pivotal - HIP\Server Tasks-ASRs\ASRs\SAPToHIPIntegration\Backup\Database\LoanProfileData.cs">
</Event><Event ErrorLevel="0" Project="HomeBuilders.EF.Server.EnvisionIntegration" Source="..\..\..\..\..\..\..\..\..\Program Files\Pivotal\Homebuilder\Homebuilder 5.9\AppServer Rules Source Code\Envision Integration\Database\LoanProfileData.Generated.cs" Description="File successfully backed up as C:\Documents and Settings\xamaldonado\Working\Source Code\Pivotal\Pivotal - HIP\Server Tasks-ASRs\ASRs\SAPToHIPIntegration\Backup\Database\LoanProfileData.Generated.cs">
</Event><Event ErrorLevel="0" Project="HomeBuilders.EF.Server.EnvisionIntegration" Source="..\..\..\..\..\..\..\..\..\Program Files\Pivotal\Homebuilder\Homebuilder 5.9\AppServer Rules Source Code\Envision Integration\Database\OpportunityProductData.cs" Description="File successfully backed up as C:\Documents and Settings\xamaldonado\Working\Source Code\Pivotal\Pivotal - HIP\Server Tasks-ASRs\ASRs\SAPToHIPIntegration\Backup\Database\OpportunityProductData.cs">
</Event><Event ErrorLevel="0" Project="HomeBuilders.EF.Server.EnvisionIntegration" Source="..\..\..\..\..\..\..\..\..\Program Files\Pivotal\Homebuilder\Homebuilder 5.9\AppServer Rules Source Code\Envision Integration\Database\OppProductLocationData.cs" Description="File successfully backed up as C:\Documents and Settings\xamaldonado\Working\Source Code\Pivotal\Pivotal - HIP\Server Tasks-ASRs\ASRs\SAPToHIPIntegration\Backup\Database\OppProductLocationData.cs">
</Event><Event ErrorLevel="0" Project="HomeBuilders.EF.Server.EnvisionIntegration" Source="..\..\..\..\..\..\..\..\..\Program Files\Pivotal\Homebuilder\Homebuilder 5.9\AppServer Rules Source Code\Envision Integration\Database\OppProductLocationData.Generated.cs" Description="File successfully backed up as C:\Documents and Settings\xamaldonado\Working\Source Code\Pivotal\Pivotal - HIP\Server Tasks-ASRs\ASRs\SAPToHIPIntegration\Backup\Database\OppProductLocationData.Generated.cs">
</Event><Event ErrorLevel="0" Project="HomeBuilders.EF.Server.EnvisionIntegration" Source="..\..\..\..\..\..\..\..\..\Program Files\Pivotal\Homebuilder\Homebuilder 5.9\AppServer Rules Source Code\Envision Integration\Database\ProductOptionRuleData.cs" Description="File successfully backed up as C:\Documents and Settings\xamaldonado\Working\Source Code\Pivotal\Pivotal - HIP\Server Tasks-ASRs\ASRs\SAPToHIPIntegration\Backup\Database\ProductOptionRuleData.cs">
</Event><Event ErrorLevel="0" Project="HomeBuilders.EF.Server.EnvisionIntegration" Source="..\..\..\..\..\..\..\..\..\Program Files\Pivotal\Homebuilder\Homebuilder 5.9\AppServer Rules Source Code\Envision Integration\Database\DivisionProductAttributeData.cs" Description="File successfully backed up as C:\Documents and Settings\xamaldonado\Working\Source Code\Pivotal\Pivotal - HIP\Server Tasks-ASRs\ASRs\SAPToHIPIntegration\Backup\Database\DivisionProductAttributeData.cs">
</Event><Event ErrorLevel="0" Project="HomeBuilders.EF.Server.EnvisionIntegration" Source="..\..\..\..\..\..\..\..\..\Program Files\Pivotal\Homebuilder\Homebuilder 5.9\AppServer Rules Source Code\Envision Integration\Database\DivisionProductAttributeData.Generated.cs" Description="File successfully backed up as C:\Documents and Settings\xamaldonado\Working\Source Code\Pivotal\Pivotal - HIP\Server Tasks-ASRs\ASRs\SAPToHIPIntegration\Backup\Database\DivisionProductAttributeData.Generated.cs">
</Event><Event ErrorLevel="0" Project="HomeBuilders.EF.Server.EnvisionIntegration" Source="..\..\..\..\..\..\..\..\..\Program Files\Pivotal\Homebuilder\Homebuilder 5.9\AppServer Rules Source Code\Envision Integration\Database\DivisionProductPrefData.cs" Description="File successfully backed up as C:\Documents and Settings\xamaldonado\Working\Source Code\Pivotal\Pivotal - HIP\Server Tasks-ASRs\ASRs\SAPToHIPIntegration\Backup\Database\DivisionProductPrefData.cs">
</Event><Event ErrorLevel="0" Project="HomeBuilders.EF.Server.EnvisionIntegration" Source="..\..\..\..\..\..\..\..\..\Program Files\Pivotal\Homebuilder\Homebuilder 5.9\AppServer Rules Source Code\Envision Integration\Database\DivisionProductPrefData.Generated.cs" Description="File successfully backed up as C:\Documents and Settings\xamaldonado\Working\Source Code\Pivotal\Pivotal - HIP\Server Tasks-ASRs\ASRs\SAPToHIPIntegration\Backup\Database\DivisionProductPrefData.Generated.cs">
</Event><Event ErrorLevel="0" Project="HomeBuilders.EF.Server.EnvisionIntegration" Source="..\..\..\..\..\..\..\..\..\Program Files\Pivotal\Homebuilder\Homebuilder 5.9\AppServer Rules Source Code\Envision Integration\Database\LocationData.cs" Description="File successfully backed up as C:\Documents and Settings\xamaldonado\Working\Source Code\Pivotal\Pivotal - HIP\Server Tasks-ASRs\ASRs\SAPToHIPIntegration\Backup\Database\LocationData.cs">
</Event><Event ErrorLevel="0" Project="HomeBuilders.EF.Server.EnvisionIntegration" Source="..\..\..\..\..\..\..\..\..\Program Files\Pivotal\Homebuilder\Homebuilder 5.9\AppServer Rules Source Code\Envision Integration\Database\DivisionData.cs" Description="File successfully backed up as C:\Documents and Settings\xamaldonado\Working\Source Code\Pivotal\Pivotal - HIP\Server Tasks-ASRs\ASRs\SAPToHIPIntegration\Backup\Database\DivisionData.cs">
</Event><Event ErrorLevel="0" Project="HomeBuilders.EF.Server.EnvisionIntegration" Source="..\..\..\..\..\..\..\..\..\Program Files\Pivotal\Homebuilder\Homebuilder 5.9\AppServer Rules Source Code\Envision Integration\Database\DivisionData.Generated.cs" Description="File successfully backed up as C:\Documents and Settings\xamaldonado\Working\Source Code\Pivotal\Pivotal - HIP\Server Tasks-ASRs\ASRs\SAPToHIPIntegration\Backup\Database\DivisionData.Generated.cs">
</Event><Event ErrorLevel="0" Project="HomeBuilders.EF.Server.EnvisionIntegration" Source="..\..\..\..\..\..\..\..\..\Program Files\Pivotal\Homebuilder\Homebuilder 5.9\AppServer Rules Source Code\Envision Integration\Database\DivisionProductData.cs" Description="File successfully backed up as C:\Documents and Settings\xamaldonado\Working\Source Code\Pivotal\Pivotal - HIP\Server Tasks-ASRs\ASRs\SAPToHIPIntegration\Backup\Database\DivisionProductData.cs">
</Event><Event ErrorLevel="0" Project="HomeBuilders.EF.Server.EnvisionIntegration" Source="..\..\..\..\..\..\..\..\..\Program Files\Pivotal\Homebuilder\Homebuilder 5.9\AppServer Rules Source Code\Envision Integration\Database\DivisionProductData.Generated.cs" Description="File successfully backed up as C:\Documents and Settings\xamaldonado\Working\Source Code\Pivotal\Pivotal - HIP\Server Tasks-ASRs\ASRs\SAPToHIPIntegration\Backup\Database\DivisionProductData.Generated.cs">
</Event><Event ErrorLevel="0" Project="HomeBuilders.EF.Server.EnvisionIntegration" Source="..\..\..\..\..\..\..\..\..\Program Files\Pivotal\Homebuilder\Homebuilder 5.9\AppServer Rules Source Code\Envision Integration\Database\EnvSyncData.cs" Description="File successfully backed up as C:\Documents and Settings\xamaldonado\Working\Source Code\Pivotal\Pivotal - HIP\Server Tasks-ASRs\ASRs\SAPToHIPIntegration\Backup\Database\EnvSyncData.cs">
</Event><Event ErrorLevel="0" Project="HomeBuilders.EF.Server.EnvisionIntegration" Source="..\..\..\..\..\..\..\..\..\Program Files\Pivotal\Homebuilder\Homebuilder 5.9\AppServer Rules Source Code\Envision Integration\Database\EnvSyncData.Generated.cs" Description="File successfully backed up as C:\Documents and Settings\xamaldonado\Working\Source Code\Pivotal\Pivotal - HIP\Server Tasks-ASRs\ASRs\SAPToHIPIntegration\Backup\Database\EnvSyncData.Generated.cs">
</Event><Event ErrorLevel="0" Project="HomeBuilders.EF.Server.EnvisionIntegration" Source="..\..\..\..\..\..\..\..\..\Program Files\Pivotal\Homebuilder\Homebuilder 5.9\AppServer Rules Source Code\Envision Integration\Database\NbhdPhaseData.cs" Description="File successfully backed up as C:\Documents and Settings\xamaldonado\Working\Source Code\Pivotal\Pivotal - HIP\Server Tasks-ASRs\ASRs\SAPToHIPIntegration\Backup\Database\NbhdPhaseData.cs">
</Event><Event ErrorLevel="0" Project="HomeBuilders.EF.Server.EnvisionIntegration" Source="..\..\..\..\..\..\..\..\..\Program Files\Pivotal\Homebuilder\Homebuilder 5.9\AppServer Rules Source Code\Envision Integration\Database\NbhdPhaseData.Generated.cs" Description="File successfully backed up as C:\Documents and Settings\xamaldonado\Working\Source Code\Pivotal\Pivotal - HIP\Server Tasks-ASRs\ASRs\SAPToHIPIntegration\Backup\Database\NbhdPhaseData.Generated.cs">
</Event><Event ErrorLevel="0" Project="HomeBuilders.EF.Server.EnvisionIntegration" Source="..\..\..\..\..\..\..\..\..\Program Files\Pivotal\Homebuilder\Homebuilder 5.9\AppServer Rules Source Code\Envision Integration\Database\NbhdpProductData.cs" Description="File successfully backed up as C:\Documents and Settings\xamaldonado\Working\Source Code\Pivotal\Pivotal - HIP\Server Tasks-ASRs\ASRs\SAPToHIPIntegration\Backup\Database\NbhdpProductData.cs">
</Event><Event ErrorLevel="0" Project="HomeBuilders.EF.Server.EnvisionIntegration" Source="..\..\..\..\..\..\..\..\..\Program Files\Pivotal\Homebuilder\Homebuilder 5.9\AppServer Rules Source Code\Envision Integration\Database\NbhdpProductData.Generated.cs" Description="File successfully backed up as C:\Documents and Settings\xamaldonado\Working\Source Code\Pivotal\Pivotal - HIP\Server Tasks-ASRs\ASRs\SAPToHIPIntegration\Backup\Database\NbhdpProductData.Generated.cs">
</Event><Event ErrorLevel="0" Project="HomeBuilders.EF.Server.EnvisionIntegration" Source="..\..\..\..\..\..\..\..\..\Program Files\Pivotal\Homebuilder\Homebuilder 5.9\AppServer Rules Source Code\Envision Integration\Database\NeighborhoodData.cs" Description="File successfully backed up as C:\Documents and Settings\xamaldonado\Working\Source Code\Pivotal\Pivotal - HIP\Server Tasks-ASRs\ASRs\SAPToHIPIntegration\Backup\Database\NeighborhoodData.cs">
</Event><Event ErrorLevel="0" Project="HomeBuilders.EF.Server.EnvisionIntegration" Source="..\..\..\..\..\..\..\..\..\Program Files\Pivotal\Homebuilder\Homebuilder 5.9\AppServer Rules Source Code\Envision Integration\Database\NeighborhoodData.Generated.cs" Description="File successfully backed up as C:\Documents and Settings\xamaldonado\Working\Source Code\Pivotal\Pivotal - HIP\Server Tasks-ASRs\ASRs\SAPToHIPIntegration\Backup\Database\NeighborhoodData.Generated.cs">
</Event><Event ErrorLevel="0" Project="HomeBuilders.EF.Server.EnvisionIntegration" Source="..\..\..\..\..\..\..\..\..\Program Files\Pivotal\Homebuilder\Homebuilder 5.9\AppServer Rules Source Code\Envision Integration\Database\OpportunityData.cs" Description="File successfully backed up as C:\Documents and Settings\xamaldonado\Working\Source Code\Pivotal\Pivotal - HIP\Server Tasks-ASRs\ASRs\SAPToHIPIntegration\Backup\Database\OpportunityData.cs">
</Event><Event ErrorLevel="0" Project="HomeBuilders.EF.Server.EnvisionIntegration" Source="..\..\..\..\..\..\..\..\..\Program Files\Pivotal\Homebuilder\Homebuilder 5.9\AppServer Rules Source Code\Envision Integration\Database\OpportunityData.Generated.cs" Description="File successfully backed up as C:\Documents and Settings\xamaldonado\Working\Source Code\Pivotal\Pivotal - HIP\Server Tasks-ASRs\ASRs\SAPToHIPIntegration\Backup\Database\OpportunityData.Generated.cs">
</Event><Event ErrorLevel="0" Project="HomeBuilders.EF.Server.EnvisionIntegration" Source="..\..\..\..\..\..\..\..\..\Program Files\Pivotal\Homebuilder\Homebuilder 5.9\AppServer Rules Source Code\Envision Integration\Database\OpportunityProductData.Generated.cs" Description="File successfully backed up as C:\Documents and Settings\xamaldonado\Working\Source Code\Pivotal\Pivotal - HIP\Server Tasks-ASRs\ASRs\SAPToHIPIntegration\Backup\Database\OpportunityProductData.Generated.cs">
</Event><Event ErrorLevel="0" Project="HomeBuilders.EF.Server.EnvisionIntegration" Source="..\..\..\..\..\..\..\..\..\Program Files\Pivotal\Homebuilder\Homebuilder 5.9\AppServer Rules Source Code\Envision Integration\Database\ProductData.cs" Description="File successfully backed up as C:\Documents and Settings\xamaldonado\Working\Source Code\Pivotal\Pivotal - HIP\Server Tasks-ASRs\ASRs\SAPToHIPIntegration\Backup\Database\ProductData.cs">
</Event><Event ErrorLevel="0" Project="HomeBuilders.EF.Server.EnvisionIntegration" Source="..\..\..\..\..\..\..\..\..\Program Files\Pivotal\Homebuilder\Homebuilder 5.9\AppServer Rules Source Code\Envision Integration\Database\ProductData.Generated.cs" Description="File successfully backed up as C:\Documents and Settings\xamaldonado\Working\Source Code\Pivotal\Pivotal - HIP\Server Tasks-ASRs\ASRs\SAPToHIPIntegration\Backup\Database\ProductData.Generated.cs">
</Event><Event ErrorLevel="0" Project="HomeBuilders.EF.Server.EnvisionIntegration" Source="..\..\..\..\..\..\..\..\..\Program Files\Pivotal\Homebuilder\Homebuilder 5.9\AppServer Rules Source Code\Envision Integration\Database\ProductOptionRuleData.Generated.cs" Description="File successfully backed up as C:\Documents and Settings\xamaldonado\Working\Source Code\Pivotal\Pivotal - HIP\Server Tasks-ASRs\ASRs\SAPToHIPIntegration\Backup\Database\ProductOptionRuleData.Generated.cs">
</Event><Event ErrorLevel="0" Project="HomeBuilders.EF.Server.EnvisionIntegration" Source="..\..\..\..\..\..\..\..\..\Program Files\Pivotal\Homebuilder\Homebuilder 5.9\AppServer Rules Source Code\Envision Integration\Database\ProductPackageComponentData.cs" Description="File successfully backed up as C:\Documents and Settings\xamaldonado\Working\Source Code\Pivotal\Pivotal - HIP\Server Tasks-ASRs\ASRs\SAPToHIPIntegration\Backup\Database\ProductPackageComponentData.cs">
</Event><Event ErrorLevel="0" Project="HomeBuilders.EF.Server.EnvisionIntegration" Source="..\..\..\..\..\..\..\..\..\Program Files\Pivotal\Homebuilder\Homebuilder 5.9\AppServer Rules Source Code\Envision Integration\Database\ProductPackageComponentData.Generated.cs" Description="File successfully backed up as C:\Documents and Settings\xamaldonado\Working\Source Code\Pivotal\Pivotal - HIP\Server Tasks-ASRs\ASRs\SAPToHIPIntegration\Backup\Database\ProductPackageComponentData.Generated.cs">
</Event><Event ErrorLevel="0" Project="HomeBuilders.EF.Server.EnvisionIntegration" Source="..\..\..\..\..\..\..\..\..\Program Files\Pivotal\Homebuilder\Homebuilder 5.9\AppServer Rules Source Code\Envision Integration\Database\RegionData.cs" Description="File successfully backed up as C:\Documents and Settings\xamaldonado\Working\Source Code\Pivotal\Pivotal - HIP\Server Tasks-ASRs\ASRs\SAPToHIPIntegration\Backup\Database\RegionData.cs">
</Event><Event ErrorLevel="0" Project="HomeBuilders.EF.Server.EnvisionIntegration" Source="..\..\..\..\..\..\..\..\..\Program Files\Pivotal\Homebuilder\Homebuilder 5.9\AppServer Rules Source Code\Envision Integration\Database\RegionData.Generated.cs" Description="File successfully backed up as C:\Documents and Settings\xamaldonado\Working\Source Code\Pivotal\Pivotal - HIP\Server Tasks-ASRs\ASRs\SAPToHIPIntegration\Backup\Database\RegionData.Generated.cs">
</Event><Event ErrorLevel="0" Project="HomeBuilders.EF.Server.EnvisionIntegration" Source="..\..\..\..\..\..\..\..\..\Program Files\Pivotal\Homebuilder\Homebuilder 5.9\AppServer Rules Source Code\Envision Integration\Database\SystemData.cs" Description="File successfully backed up as C:\Documents and Settings\xamaldonado\Working\Source Code\Pivotal\Pivotal - HIP\Server Tasks-ASRs\ASRs\SAPToHIPIntegration\Backup\Database\SystemData.cs">
</Event><Event ErrorLevel="0" Project="HomeBuilders.EF.Server.EnvisionIntegration" Source="..\..\..\..\..\..\..\..\..\Program Files\Pivotal\Homebuilder\Homebuilder 5.9\AppServer Rules Source Code\Envision Integration\Database\SystemData.Generated.cs" Description="File successfully backed up as C:\Documents and Settings\xamaldonado\Working\Source Code\Pivotal\Pivotal - HIP\Server Tasks-ASRs\ASRs\SAPToHIPIntegration\Backup\Database\SystemData.Generated.cs">
</Event><Event ErrorLevel="0" Project="HomeBuilders.EF.Server.EnvisionIntegration" Source="..\..\..\..\..\..\..\..\..\Program Files\Pivotal\Homebuilder\Homebuilder 5.9\AppServer Rules Source Code\Envision Integration\EnvisionHttpClientProtocol.cs" Description="File successfully backed up as C:\Documents and Settings\xamaldonado\Working\Source Code\Pivotal\Pivotal - HIP\Server Tasks-ASRs\ASRs\SAPToHIPIntegration\Backup\EnvisionHttpClientProtocol.cs">
</Event><Event ErrorLevel="0" Project="HomeBuilders.EF.Server.EnvisionIntegration" Source="..\..\..\..\..\..\..\..\..\Program Files\Pivotal\Homebuilder\Homebuilder 5.9\AppServer Rules Source Code\Envision Integration\EnvisionIntegration.cs" Description="File successfully backed up as C:\Documents and Settings\xamaldonado\Working\Source Code\Pivotal\Pivotal - HIP\Server Tasks-ASRs\ASRs\SAPToHIPIntegration\Backup\EnvisionIntegration.cs">
</Event><Event ErrorLevel="0" Project="HomeBuilders.EF.Server.EnvisionIntegration" Source="..\..\..\..\..\..\..\..\..\Program Files\Pivotal\Homebuilder\Homebuilder 5.9\AppServer Rules Source Code\Envision Integration\EnvisionIntegration_BH.cs" Description="File successfully backed up as C:\Documents and Settings\xamaldonado\Working\Source Code\Pivotal\Pivotal - HIP\Server Tasks-ASRs\ASRs\SAPToHIPIntegration\Backup\EnvisionIntegration_BH.cs">
</Event><Event ErrorLevel="0" Project="HomeBuilders.EF.Server.EnvisionIntegration" Source="..\..\..\..\..\..\..\..\..\Program Files\Pivotal\Homebuilder\Homebuilder 5.9\AppServer Rules Source Code\Envision Integration\EnvisionIntegration_BS.cs" Description="File successfully backed up as C:\Documents and Settings\xamaldonado\Working\Source Code\Pivotal\Pivotal - HIP\Server Tasks-ASRs\ASRs\SAPToHIPIntegration\Backup\EnvisionIntegration_BS.cs">
</Event><Event ErrorLevel="0" Project="HomeBuilders.EF.Server.EnvisionIntegration" Source="..\..\..\..\..\..\..\..\..\Program Files\Pivotal\Homebuilder\Homebuilder 5.9\AppServer Rules Source Code\Envision Integration\EnvisionIntegration_FTPHelper.cs" Description="File successfully backed up as C:\Documents and Settings\xamaldonado\Working\Source Code\Pivotal\Pivotal - HIP\Server Tasks-ASRs\ASRs\SAPToHIPIntegration\Backup\EnvisionIntegration_FTPHelper.cs">
</Event><Event ErrorLevel="0" Project="HomeBuilders.EF.Server.EnvisionIntegration" Source="..\..\..\..\..\..\..\..\..\Program Files\Pivotal\Homebuilder\Homebuilder 5.9\AppServer Rules Source Code\Envision Integration\EnvisionIntegration_Inv.cs" Description="File successfully backed up as C:\Documents and Settings\xamaldonado\Working\Source Code\Pivotal\Pivotal - HIP\Server Tasks-ASRs\ASRs\SAPToHIPIntegration\Backup\EnvisionIntegration_Inv.cs">
</Event><Event ErrorLevel="0" Project="HomeBuilders.EF.Server.EnvisionIntegration" Source="..\..\..\..\..\..\..\..\..\Program Files\Pivotal\Homebuilder\Homebuilder 5.9\AppServer Rules Source Code\Envision Integration\EnvisionLoggingReader.cs" Description="File successfully backed up as C:\Documents and Settings\xamaldonado\Working\Source Code\Pivotal\Pivotal - HIP\Server Tasks-ASRs\ASRs\SAPToHIPIntegration\Backup\EnvisionLoggingReader.cs">
</Event><Event ErrorLevel="0" Project="HomeBuilders.EF.Server.EnvisionIntegration" Source="..\..\..\..\..\..\..\..\..\Program Files\Pivotal\Homebuilder\Homebuilder 5.9\AppServer Rules Source Code\Envision Integration\EnvisionLoggingWriter.cs" Description="File successfully backed up as C:\Documents and Settings\xamaldonado\Working\Source Code\Pivotal\Pivotal - HIP\Server Tasks-ASRs\ASRs\SAPToHIPIntegration\Backup\EnvisionLoggingWriter.cs">
</Event><Event ErrorLevel="0" Project="HomeBuilders.EF.Server.EnvisionIntegration" Source="..\..\..\..\..\..\..\..\..\Program Files\Pivotal\Homebuilder\Homebuilder 5.9\AppServer Rules Source Code\Envision Integration\EnvisionXsdGenerated\Envision_BuyerSelections-v1_9_3.cs" Description="File successfully backed up as C:\Documents and Settings\xamaldonado\Working\Source Code\Pivotal\Pivotal - HIP\Server Tasks-ASRs\ASRs\SAPToHIPIntegration\Backup\EnvisionXsdGenerated\Envision_BuyerSelections-v1_9_3.cs">
</Event><Event ErrorLevel="0" Project="HomeBuilders.EF.Server.EnvisionIntegration" Source="..\..\..\..\..\..\..\..\..\Program Files\Pivotal\Homebuilder\Homebuilder 5.9\AppServer Rules Source Code\Envision Integration\EnvisionXsdGenerated\Envision_DCM_WS_Buyer-v1_9_3.cs" Description="File successfully backed up as C:\Documents and Settings\xamaldonado\Working\Source Code\Pivotal\Pivotal - HIP\Server Tasks-ASRs\ASRs\SAPToHIPIntegration\Backup\EnvisionXsdGenerated\Envision_DCM_WS_Buyer-v1_9_3.cs">
</Event><Event ErrorLevel="0" Project="HomeBuilders.EF.Server.EnvisionIntegration" Source="..\..\..\..\..\..\..\..\..\Program Files\Pivotal\Homebuilder\Homebuilder 5.9\AppServer Rules Source Code\Envision Integration\EnvisionXsdGenerated\Envision_DCM_WS_Home-v1_9_3.cs" Description="File successfully backed up as C:\Documents and Settings\xamaldonado\Working\Source Code\Pivotal\Pivotal - HIP\Server Tasks-ASRs\ASRs\SAPToHIPIntegration\Backup\EnvisionXsdGenerated\Envision_DCM_WS_Home-v1_9_3.cs">
</Event><Event ErrorLevel="0" Project="HomeBuilders.EF.Server.EnvisionIntegration" Source="..\..\..\..\..\..\..\..\..\Program Files\Pivotal\Homebuilder\Homebuilder 5.9\AppServer Rules Source Code\Envision Integration\EnvisionXsdGenerated\Envision_Option-v1_9_3.cs" Description="File successfully backed up as C:\Documents and Settings\xamaldonado\Working\Source Code\Pivotal\Pivotal - HIP\Server Tasks-ASRs\ASRs\SAPToHIPIntegration\Backup\EnvisionXsdGenerated\Envision_Option-v1_9_3.cs">
</Event><Event ErrorLevel="0" Project="HomeBuilders.EF.Server.EnvisionIntegration" Source="..\..\..\..\..\..\..\..\..\Program Files\Pivotal\Homebuilder\Homebuilder 5.9\AppServer Rules Source Code\Envision Integration\EnvisionXsdGenerated\Envision_Option_Extended.cs" Description="File successfully backed up as C:\Documents and Settings\xamaldonado\Working\Source Code\Pivotal\Pivotal - HIP\Server Tasks-ASRs\ASRs\SAPToHIPIntegration\Backup\EnvisionXsdGenerated\Envision_Option_Extended.cs">
</Event><Event ErrorLevel="0" Project="HomeBuilders.EF.Server.EnvisionIntegration" Source="..\..\..\..\..\..\..\..\..\Program Files\Pivotal\Homebuilder\Homebuilder 5.9\AppServer Rules Source Code\Envision Integration\EnvisionXsdGenerated\Envision_WS_Output-v1_9_3.cs" Description="File successfully backed up as C:\Documents and Settings\xamaldonado\Working\Source Code\Pivotal\Pivotal - HIP\Server Tasks-ASRs\ASRs\SAPToHIPIntegration\Backup\EnvisionXsdGenerated\Envision_WS_Output-v1_9_3.cs">
</Event><Event ErrorLevel="0" Project="HomeBuilders.EF.Server.EnvisionIntegration" Source="..\..\..\..\..\..\..\..\..\Program Files\Pivotal\Homebuilder\Homebuilder 5.9\AppServer Rules Source Code\Envision Integration\FtpService.cs" Description="File successfully backed up as C:\Documents and Settings\xamaldonado\Working\Source Code\Pivotal\Pivotal - HIP\Server Tasks-ASRs\ASRs\SAPToHIPIntegration\Backup\FtpService.cs">
</Event><Event ErrorLevel="0" Project="HomeBuilders.EF.Server.EnvisionIntegration" Source="..\..\..\..\..\..\..\..\..\Program Files\Pivotal\Homebuilder\Homebuilder 5.9\AppServer Rules Source Code\Envision Integration\GlobalSuppressions.cs" Description="File successfully backed up as C:\Documents and Settings\xamaldonado\Working\Source Code\Pivotal\Pivotal - HIP\Server Tasks-ASRs\ASRs\SAPToHIPIntegration\Backup\GlobalSuppressions.cs">
</Event><Event ErrorLevel="0" Project="HomeBuilders.EF.Server.EnvisionIntegration" Source="..\..\..\..\..\..\..\..\..\Program Files\Pivotal\Homebuilder\Homebuilder 5.9\AppServer Rules Source Code\Envision Integration\HomeWebService.cs" Description="File successfully backed up as C:\Documents and Settings\xamaldonado\Working\Source Code\Pivotal\Pivotal - HIP\Server Tasks-ASRs\ASRs\SAPToHIPIntegration\Backup\HomeWebService.cs">
</Event><Event ErrorLevel="0" Project="HomeBuilders.EF.Server.EnvisionIntegration" Source="..\..\..\..\..\..\..\..\..\Program Files\Pivotal\Homebuilder\Homebuilder 5.9\AppServer Rules Source Code\Envision Integration\Database\LocationData.Generated.cs" Description="File successfully backed up as C:\Documents and Settings\xamaldonado\Working\Source Code\Pivotal\Pivotal - HIP\Server Tasks-ASRs\ASRs\SAPToHIPIntegration\Backup\Database\LocationData.Generated.cs">
</Event><Event ErrorLevel="0" Project="HomeBuilders.EF.Server.EnvisionIntegration" Source="..\..\..\..\..\..\..\..\..\Program Files\Pivotal\Homebuilder\Homebuilder 5.9\AppServer Rules Source Code\Envision Integration\Logging.cs" Description="File successfully backed up as C:\Documents and Settings\xamaldonado\Working\Source Code\Pivotal\Pivotal - HIP\Server Tasks-ASRs\ASRs\SAPToHIPIntegration\Backup\Logging.cs">
</Event><Event ErrorLevel="0" Project="HomeBuilders.EF.Server.EnvisionIntegration" Source="..\..\..\..\..\..\..\..\..\Program Files\Pivotal\Homebuilder\Homebuilder 5.9\AppServer Rules Source Code\Envision Integration\OptionsManagerWebService.cs" Description="File successfully backed up as C:\Documents and Settings\xamaldonado\Working\Source Code\Pivotal\Pivotal - HIP\Server Tasks-ASRs\ASRs\SAPToHIPIntegration\Backup\OptionsManagerWebService.cs">
</Event><Event ErrorLevel="0" Project="HomeBuilders.EF.Server.EnvisionIntegration" Source="..\..\..\..\..\..\..\..\..\Program Files\Pivotal\Homebuilder\Homebuilder 5.9\AppServer Rules Source Code\Envision Integration\Properties\AssemblyInfo.cs" Description="File successfully backed up as C:\Documents and Settings\xamaldonado\Working\Source Code\Pivotal\Pivotal - HIP\Server Tasks-ASRs\ASRs\SAPToHIPIntegration\Backup\Properties\AssemblyInfo.cs">
</Event><Event ErrorLevel="0" Project="HomeBuilders.EF.Server.EnvisionIntegration" Source="..\..\..\..\..\..\..\..\..\Program Files\Pivotal\Homebuilder\Homebuilder 5.9\AppServer Rules Source Code\Envision Integration\Sync.cs" Description="File successfully backed up as C:\Documents and Settings\xamaldonado\Working\Source Code\Pivotal\Pivotal - HIP\Server Tasks-ASRs\ASRs\SAPToHIPIntegration\Backup\Sync.cs">
</Event><Event ErrorLevel="0" Project="HomeBuilders.EF.Server.EnvisionIntegration" Source="..\..\..\..\..\..\..\..\..\Program Files\Pivotal\Homebuilder\Homebuilder 5.9\AppServer Rules Source Code\Envision Integration\SyncProxy.cs" Description="File successfully backed up as C:\Documents and Settings\xamaldonado\Working\Source Code\Pivotal\Pivotal - HIP\Server Tasks-ASRs\ASRs\SAPToHIPIntegration\Backup\SyncProxy.cs">
</Event><Event ErrorLevel="0" Project="HomeBuilders.EF.Server.EnvisionIntegration" Source="..\..\..\..\..\..\..\..\..\Program Files\Pivotal\Homebuilder\Homebuilder 5.9\AppServer Rules Source Code\Envision Integration\ValidateXml.cs" Description="File successfully backed up as C:\Documents and Settings\xamaldonado\Working\Source Code\Pivotal\Pivotal - HIP\Server Tasks-ASRs\ASRs\SAPToHIPIntegration\Backup\ValidateXml.cs">
</Event><Event ErrorLevel="0" Project="HomeBuilders.EF.Server.EnvisionIntegration" Source="..\..\..\..\..\..\..\..\..\Program Files\Pivotal\Homebuilder\Homebuilder 5.9\AppServer Rules Source Code\Envision Integration\Pivotal.Applications.Homebuilders.snk" Description="File successfully backed up as C:\Documents and Settings\xamaldonado\Working\Source Code\Pivotal\Pivotal - HIP\Server Tasks-ASRs\ASRs\SAPToHIPIntegration\Backup\Pivotal.Applications.Homebuilders.snk">
</Event><Event ErrorLevel="0" Project="HomeBuilders.EF.Server.EnvisionIntegration" Source="..\..\..\..\..\..\..\..\..\Program Files\Pivotal\Homebuilder\Homebuilder 5.9\AppServer Rules Source Code\Envision Integration\HomeBuilders.EF.Server.EnvisionIntegration.csproj" Description="Project converted successfully">
</Event><Event ErrorLevel="3" Project="HomeBuilders.EF.Server.EnvisionIntegration" Source="..\..\..\..\..\..\..\..\..\Program Files\Pivotal\Homebuilder\Homebuilder 5.9\AppServer Rules Source Code\Envision Integration\HomeBuilders.EF.Server.EnvisionIntegration.csproj" Description="Converted">
</Event><Event ErrorLevel="0" Project="HomeBuilders.EF.Server.EnvisionIntegration" Source="..\..\..\..\..\..\..\..\..\Program Files\Pivotal\Homebuilder\Homebuilder 5.9\AppServer Rules Source Code\Envision Integration\HomeBuilders.EF.Server.EnvisionIntegration.csproj" Description="Scan complete: Upgrade not required for project files.">
</Event></UpgradeLog>