<?xml version="1.0" encoding="UTF-8"?><?xml-stylesheet type='text/xsl' href='_UpgradeReport_Files/UpgradeReport.xslt'?><UpgradeLog>
<Properties><Property Name="Solution" Value="HomeBuilders.EF.Server.Opportunity">
</Property><Property Name="Solution File" Value="C:\Program Files\Pivotal\Homebuilder\Homebuilder 5.9\AppServer Rules Source Code\Opportunity\HomeBuilders.EF.Server.Opportunity.sln">
</Property><Property Name="Date" Value="Tuesday, July 20, 2010">
</Property><Property Name="Time" Value="13:28:44 PM">
</Property></Properties><Event ErrorLevel="0" Project="HomeBuilders.EF.Server.Opportunity" Source="HomeBuilders.EF.Server.Opportunity.csproj" Description="Project file successfully backed up as C:\Program Files\Pivotal\Homebuilder\Homebuilder 5.9\AppServer Rules Source Code\Opportunity\Backup\HomeBuilders.EF.Server.Opportunity.csproj">
</Event><Event ErrorLevel="0" Project="HomeBuilders.EF.Server.Opportunity" Source="modOpportunity.cs" Description="File successfully backed up as C:\Program Files\Pivotal\Homebuilder\Homebuilder 5.9\AppServer Rules Source Code\Opportunity\Backup\modOpportunity.cs">
</Event><Event ErrorLevel="0" Project="HomeBuilders.EF.Server.Opportunity" Source="Opportunity.cs" Description="File successfully backed up as C:\Program Files\Pivotal\Homebuilder\Homebuilder 5.9\AppServer Rules Source Code\Opportunity\Backup\Opportunity.cs">
</Event><Event ErrorLevel="0" Project="HomeBuilders.EF.Server.Opportunity" Source="OpportunityFinancialCalculator.cs" Description="File successfully backed up as C:\Program Files\Pivotal\Homebuilder\Homebuilder 5.9\AppServer Rules Source Code\Opportunity\Backup\OpportunityFinancialCalculator.cs">
</Event><Event ErrorLevel="0" Project="HomeBuilders.EF.Server.Opportunity" Source="OpportunityPostSaleQuote.cs" Description="File successfully backed up as C:\Program Files\Pivotal\Homebuilder\Homebuilder 5.9\AppServer Rules Source Code\Opportunity\Backup\OpportunityPostSaleQuote.cs">
</Event><Event ErrorLevel="0" Project="HomeBuilders.EF.Server.Opportunity" Source="Properties\Assemblyinfo.cs" Description="File successfully backed up as C:\Program Files\Pivotal\Homebuilder\Homebuilder 5.9\AppServer Rules Source Code\Opportunity\Backup\Properties\Assemblyinfo.cs">
</Event><Event ErrorLevel="0" Project="HomeBuilders.EF.Server.Opportunity" Source="Pivotal.Applications.Homebuilders.snk" Description="File successfully backed up as C:\Program Files\Pivotal\Homebuilder\Homebuilder 5.9\AppServer Rules Source Code\Opportunity\Backup\Pivotal.Applications.Homebuilders.snk">
</Event><Event ErrorLevel="0" Project="HomeBuilders.EF.Server.Opportunity" Source="HomeBuilders.EF.Server.Opportunity.csproj" Description="Project converted successfully">
</Event><Event ErrorLevel="3" Project="HomeBuilders.EF.Server.Opportunity" Source="HomeBuilders.EF.Server.Opportunity.csproj" Description="Converted">
</Event><Event ErrorLevel="0" Project="HomeBuilders.EF.Server.Opportunity" Source="HomeBuilders.EF.Server.Opportunity.csproj" Description="Scan complete: Upgrade not required for project files.">
</Event></UpgradeLog>